Model,Precision,Recall,F1-score
InceptionV3,0.6410087719298245,0.6696428571428572,0.6548811742777261
ResNet152,0.9833333333333334,0.875,0.9080459770114943
VGG19,0.7888888888888889,0.6984126984126984,0.6555202873945031
ViT,0.6543859649122807,0.6765873015873016,0.6590909090909091
AttentionAugmentedInceptionV3,0.7055921052631579,0.6875,0.6908622908622908
AttentionAugmentedResNet18,0.6666666666666667,0.7321428571428572,0.696360153256705
