Model,Precision,Recall,F1-score
small,0.2375703564727955,0.25,0.24362674362674364
medium,0.004455909943714822,0.25,0.008755760368663594
conv_small,0.2375703564727955,0.25,0.24362674362674364
conv_medium,0.2375703564727955,0.25,0.24362674362674364
