Model,Precision,Recall,F1-score
mlp_small,0.2375703564727955,0.25,0.24362674362674364
mlp_medium,0.2375703564727955,0.25,0.24362674362674364
conv_small,0.2375703564727955,0.25,0.24362674362674364
conv_medium,0.2375703564727955,0.25,0.24362674362674364
