Model,Precision,Recall,F1-score
InceptionV3,0.6481481481481481,0.6666666666666666,0.6571428571428571
ResNet152,0.6481481481481481,0.6666666666666666,0.6571428571428571
VGG19,0.6470588235294118,0.6470588235294118,0.6470588235294118
ViT,0.5971479500891266,0.6115779645191409,0.6041951664386684
AttentionAugmentedInceptionV3,0.6481481481481481,0.6666666666666666,0.6571428571428571
AttentionAugmentedResNet18,0.5175438596491229,0.35294117647058826,0.27432517263025735
