Model,Precision,Recall,F1-score
InceptionV3,0.9631059298120759,0.9685417589212592,0.9644047996645483
ResNet152,0.9944053338261457,0.993169011420359,0.99374959452546
VGG19,0.9183244148267311,0.9185385256088484,0.9179960946474776
ViT,0.5440029193096322,0.49813394707160935,0.5002089016405261
AttentionAugmentedInceptionV3,0.9908896829489663,0.99051399146072,0.9906877081757193
