Model,Precision,Recall,F1-score
ResNet152,0.7307692307692308,0.75,0.74
VGG19,0.7307692307692308,0.75,0.74
ViT,0.608974358974359,0.6891025641025641,0.64
AttentionAugmentedInceptionV3,0.7094155844155845,0.7083333333333334,0.7081320450885668
AttentionAugmentedResNet18,0.3898809523809524,0.44871794871794873,0.41666666666666663
