Model,Precision,Recall,F1-score
InceptionV3,0.6481481481481481,0.6666666666666666,0.6571428571428571
ResNet152,0.6319073083778967,0.6470588235294118,0.6393068855449157
VGG19,0.6027777777777777,0.6078431372549019,0.6027777777777777
ViT,0.5815217391304347,0.5919701213818861,0.5858585858585859
AttentionAugmentedInceptionV3,0.6306818181818182,0.6274509803921569,0.6286116983791402
AttentionAugmentedResNet18,0.6376811594202899,0.6470588235294118,0.6414141414141414
