Model,Precision,Recall,F1-score
InceptionV3,0.9184263385022554,0.9029819547577339,0.898268129994702
ResNet152,0.9476531658045287,0.9388609819823671,0.9390657251448201
VGG19,0.8304867388463267,0.8375832678448409,0.82929217159738
AttentionAugmentedInceptionV3,0.9596296498671316,0.9642386172646035,0.9603794259313226
ViT,0.2883165835408052,0.22463073552613208,0.2041488791167672
